Mean,Std Dev,Q1,Q2,Q3
-0.9954089722679607,0.008413078991209567,-1.0,-1.0,-0.9975288032091928
-0.9949355472243405,0.008755549117165083,-1.0,-1.0,-0.9921401528344269
-0.9945239790467121,0.009350238937048429,-1.0,-1.0,-0.9904799511233282
-0.9941395374827415,0.009927591710275423,-1.0,-1.0,-0.9861978750370216
-0.9943965743176464,0.009848715761555982,-1.0,-1.0,-0.9906855617256057
-0.9948923444181,0.009579726983747306,-1.0,-1.0,-0.9983979093066366
-0.9953203787781916,0.009549120352552077,-1.0,-1.0,-1.0
-0.9952641605561389,0.009791868928900424,-1.0,-1.0,-1.0
-0.9949891295477327,0.009999337128935581,-1.0,-1.0,-1.0
-0.9946240532279504,0.010204851053573093,-1.0,-1.0,-0.999863114814453
-0.9940392172838998,0.010512204444874822,-1.0,-1.0,-0.9858912856106232
-0.9932246021845933,0.010851156367363246,-1.0,-1.0,-0.979381443298969
-0.9923832782149618,0.011179519081885648,-1.0,-1.0,-0.9791666666666666
-0.9913182907574666,0.011544423631838555,-1.0,-1.0,-0.9791666666666666
-0.9899089205541182,0.012008069489086236,-1.0,-1.0,-0.9791666666666666
-0.9880305336459891,0.012945767023496176,-1.0,-0.9892921368105058,-0.9789473684210527
-0.9855139406728612,0.014352335131577241,-1.0,-0.979381443298969,-0.9787234042553191
-0.981760690931132,0.016519306159867093,-1.0,-0.9791666666666666,-0.9782608695652174
-0.9770006242444028,0.019067884741116384,-0.9996915853907103,-0.9789473684210527,-0.9598315257273935
-0.9706764223072708,0.021574629614667207,-0.9797979797979798,-0.978494623655914,-0.9578947368421052
-0.962580271358678,0.02361763974303118,-0.9787234042553191,-0.9619276213305674,-0.944367588114028
-0.9529843201092766,0.025268142627508292,-0.9746988367019636,-0.9574468085106383,-0.9368421052631579
-0.9423808048503911,0.026850098065632183,-0.9582028307782928,-0.9423237803315654,-0.9220983438394251
-0.9305466570229809,0.02870155811534068,-0.9547243358018205,-0.9358432905180801,-0.9120885647802871
-0.9172089348130298,0.030805609766188975,-0.9368421052631579,-0.9175846483578111,-0.8954008819790539
-0.9014503592977581,0.0329357094297696,-0.9257783477773145,-0.9017285348333554,-0.8764262629490971
-0.8830786530870408,0.03487184625552731,-0.9071872435671346,-0.8820742033941907,-0.8574127275490528
-0.861851720662824,0.036718096214365316,-0.8853077954775015,-0.8595040306667832,-0.8362010511772264
-0.8376630513235477,0.03847662587563278,-0.8599265670266419,-0.8337944462272135,-0.8118215145877714
-0.8099495244270679,0.03996781062344623,-0.8315546402082648,-0.8049911486218816,-0.7835461554531237
-0.7785187326540044,0.041317237691826755,-0.7993178026093419,-0.7728750680480481,-0.7515418981254053
-0.7435847855533949,0.04217573796560194,-0.7642588296972921,-0.737645582172124,-0.7162966755247654
-0.7058410132947617,0.04229579266011882,-0.7267203100937215,-0.7001072080947439,-0.6790680790155329
-0.6659260509813267,0.04152191224268976,-0.6857770451924867,-0.6604033869586816,-0.6401575651431245
-0.6245846299435253,0.04005336252189489,-0.6435957127527474,-0.6201619731456347,-0.600008975965984
-0.5826238428622376,0.03840260614523617,-0.6017359903910842,-0.5791457036758406,-0.5589087847849656
-0.5405098831296984,0.03701145139791813,-0.5601304760364116,-0.537755018346163,-0.5179185404683863
-0.49846702629979417,0.0358713137110217,-0.5181851040264944,-0.49596005636905444,-0.47613693524333683
-0.45642963423588134,0.03492053400640931,-0.47633771396175534,-0.45407129221724224,-0.434120055522395
-0.4145401059764772,0.03395454760451735,-0.4339420868473597,-0.4125141436506091,-0.39271275489294033
-0.37308882505377877,0.033098013986328494,-0.39191379730560105,-0.3710033767552237,-0.35218649010205627
-0.33187949968317315,0.03250995636632433,-0.35014347604124096,-0.32965547588750466,-0.3113356669316308
-0.2905389117482869,0.03200923667267703,-0.30880514945645093,-0.2885214019440643,-0.2708027695273416
-0.24875401296133773,0.03156657330238529,-0.26693317285712176,-0.2469685614605533,-0.22898624320571848
-0.20659577814273364,0.031154246817456564,-0.22496813639532098,-0.2052067168076705,-0.18705010578479694
-0.16444870926803729,0.030697779832915866,-0.18305426135819347,-0.16310718821980716,-0.14501480325722949
-0.12260217112335671,0.030287654204034783,-0.1413656266201267,-0.12151102295711015,-0.10297704109610657
-0.08135898540010368,0.029907227781990457,-0.09961358517475932,-0.08029184801161865,-0.06228866385292958
-0.04060904580097008,0.02925118951058358,-0.05827646631258234,-0.03956533578238004,-0.021935630469115338
-2.477379446958153e-05,0.028287175724741157,-0.01677314481839587,0.0011279909805509674,0.018071423960436556
0.04051452919973149,0.027259690527106292,0.024109165836553634,0.04184826671856816,0.05800113289514636
0.0810200584343809,0.026435493158240037,0.06494564116102938,0.08207510511258409,0.09786806824356613
0.12166047889425811,0.025708993414186854,0.10595072959158958,0.12291302505335802,0.1383317479347203
0.16265982753307764,0.025096843567798482,0.14757265522380072,0.16384984091847066,0.17924624232620534
0.20372000318593897,0.024665512994892877,0.18839010762222408,0.2049014270880264,0.2206142930339366
0.24464625927358333,0.024231555156823844,0.22960098871977871,0.24619875821295537,0.26142246610477515
0.285613414537129,0.023955894387608166,0.27071952795203313,0.2869906962838431,0.30206311103066436
0.32676805828771666,0.024094647930252355,0.3118710375088183,0.32802774697509995,0.34357839156108183
0.36805354052485906,0.024556914855675575,0.3526547984331021,0.3690856207833222,0.3847931988749845
0.40907129694891137,0.02480981403847465,0.3935394138639462,0.40964853612840346,0.4260957487390763
0.4496475712700255,0.024608258135112283,0.43370849189653266,0.4502016126299743,0.4669617983735421
0.490036408746048,0.024146707358309642,0.4746834778582537,0.4909023269611825,0.5073791843318866
0.5304701615032675,0.02381952535061514,0.515778821591294,0.5318153075828053,0.5472886179843488
0.5709601434137701,0.023576701259011693,0.5567914336751087,0.5726127828523884,0.5873816891439172
0.6112140737184634,0.023538581893979258,0.5975065962231068,0.6127557007382765,0.6274548031435381
0.6506736205193321,0.02369029818569733,0.6367546192685082,0.6526209294196099,0.6667193311854681
0.688799030991813,0.023826865076296732,0.6748496254168909,0.6909950397571528,0.7049407158864438
0.7252449360166454,0.0237715394861321,0.7111728593087286,0.7276676175081382,0.7413632165872056
0.7593574946771121,0.02383457604841212,0.7449531054805886,0.761899962427207,0.776012184072803
0.7904931994132428,0.023907867470147254,0.7754091957630856,0.7929591127831791,0.8080406283724264
0.8178565720490473,0.02400973578779938,0.8024662939544281,0.8202018744749054,0.8357083323253763
0.8410199661843001,0.02391142773334938,0.8257573951073051,0.843473429532626,0.858607191111586
0.8603119949957931,0.023674712684744338,0.8454086661107543,0.8624833453491697,0.8771000738373889
0.8768453048720348,0.02333874670783891,0.8613522286401073,0.8775510204081634,0.894736842105263
0.8912472186709732,0.023056421135511488,0.875,0.8939967069716299,0.9109651410728287
0.9036009512699508,0.02257866801393071,0.89247311827957,0.9062003299890431,0.9175257731958764
0.9145684146772624,0.022061902584886026,0.8977098663091319,0.9157894736842105,0.935213766537714
0.9242089221608811,0.021502855380344514,0.913978494623656,0.9254850438266824,0.9375
0.9327428183223936,0.020997354774504377,0.9166666666666667,0.9361702127659575,0.9496409896586191
0.9402126099851341,0.020701265675394324,0.9283743068891066,0.9381443298969072,0.9574468085106382
0.9467235907367271,0.02055033652538522,0.9361702127659575,0.950883196363671,0.9583333333333333
0.952247464570228,0.0204629444392918,0.9368421052631579,0.9574468085106382,0.9630605342169634
0.9571379924462531,0.020340867692222084,0.9387755102040816,0.9578947368421054,0.978494623655914
0.9611423444586,0.02023804901683807,0.9550791119219388,0.9583333333333333,0.9787234042553192
0.9643937142026924,0.02006905776836575,0.9574468085106382,0.9591836734693877,0.9789473684210526
0.9670408206010703,0.02001238613362266,0.9574468085106382,0.9712389435936369,0.9791666666666667
0.9689825388286691,0.019881208496012492,0.9574468085106382,0.978494623655914,0.9791666666666667
0.9701442215448864,0.01985740594018371,0.9578947368421054,0.978494623655914,0.9791666666666667
0.9705851980445966,0.019850416984069683,0.9578947368421054,0.978494623655914,0.9791666666666667
0.9702096006093641,0.019892247235761894,0.9578947368421054,0.978494623655914,0.9791666666666667
0.9689693997050468,0.01990948138814896,0.9574468085106382,0.978494623655914,0.9791666666666667
0.9667886350005642,0.020128369561146504,0.9574468085106382,0.96671695193255,0.9790285940766377
0.9637923390215384,0.02037642509295388,0.956989247311828,0.9587628865979381,0.9789473684210526
0.9598735919430391,0.020749673339725203,0.9445186396296985,0.9583333333333333,0.9787234042553192
0.9550033279407841,0.021019728144568865,0.9375,0.9574468085106382,0.9764491617103446
0.9491425438673736,0.021218032238755298,0.9362825090071845,0.9565217391304348,0.9587628865979381
0.9422556744625838,0.021513412029854115,0.9322547027801136,0.9387755102040816,0.9578947368421054
0.9342360519067353,0.021780097974224016,0.9172890109898322,0.9361702127659575,0.9543392598137697
0.9253460160070155,0.022165250902632355,0.9148936170212767,0.9269678794430333,0.9376652431006254
0.9151374790352879,0.022634125331045,0.8976703933510422,0.9157894736842105,0.9351563800226211
0.9036271080906721,0.02318941465295602,0.8919531242291928,0.9046656153243824,0.9175257731958764
0.8906529227913927,0.024094170274160186,0.8748196028360038,0.89337957305791,0.909484618453811
0.8759240136058226,0.025183891516393907,0.8597532305535569,0.8758431142885847,0.8936170212765957
0.8585211048979078,0.026706915212866243,0.8431432301766695,0.8598047484544749,0.8756615440661193
0.8373819770687807,0.028678878487876616,0.8213311561246861,0.8395136924041031,0.8566083738021428
0.8119593597677579,0.030853655676690756,0.7947823486718697,0.8148354756223004,0.8328303686408842
0.7830389303922278,0.03275549678325908,0.7647459826428237,0.7875417402606568,0.8054541774339198
0.7517077885277815,0.03456602953500212,0.7311899723428088,0.7567767563091877,0.7757178269884432
0.7185136549644325,0.036300522676928106,0.6958138809660704,0.72381200748486,0.7445677128394379
0.6835745094874217,0.03755721705855469,0.6588787629593893,0.688562642564816,0.7109670562314492
0.647484754302315,0.03852496858118909,0.621084202595084,0.652068277711805,0.6755343925910323
0.6109129103044607,0.03918697408632657,0.5839569159373048,0.6148026833277973,0.6395478884216536
0.574024739962381,0.039096203295650785,0.5471121724392187,0.577503915137553,0.602122271855688
0.5368844173592745,0.038298880061022555,0.5106011366689608,0.5405907654764921,0.5637788003288863
0.49943446832232513,0.037331781517195,0.4740938524272399,0.5034365215162253,0.5255603396417953
0.4615502446937661,0.0366251881609889,0.4367903648775794,0.4652985484566654,0.4869482992886578
0.42313295462126754,0.0360885060457432,0.3992304627580527,0.426397751134019,0.44759307915898705
0.3840827440561361,0.035261538574084886,0.3611180692380149,0.3869643837173765,0.4073329646205116
0.3446829141305336,0.03436913344250175,0.3231763065120583,0.34678192485262455,0.3669300178701025
0.3052818617637734,0.03352366074715645,0.28438300114973725,0.3068660832354687,0.3268193701188945
0.2659886770828199,0.03286791563936408,0.24588239016670904,0.2669919799693598,0.286981616808625
0.22670232322870343,0.03220516168990073,0.20769024496535432,0.22698581835936155,0.24678070993113965
0.18697052745646414,0.031414609852266864,0.16890818259031654,0.18718112434729373,0.20593201737266287
0.14696062573645127,0.030673392792957763,0.12913949899298346,0.1467994995305854,0.16506483597517663
0.10693902494349072,0.03018273164125879,0.08940879338785604,0.10693942119139702,0.12505383009334783
0.06687297977780406,0.030107988984139356,0.04967102684008668,0.06713880317654178,0.08487527446252628
0.026976368698726595,0.03056415313037741,0.00946846675685544,0.027110542294487706,0.04539579414633907
-0.012509011834372311,0.030975730606370742,-0.030890205331239026,-0.01274423182811293,0.00647607260922273
-0.05160669718830941,0.031185296094620653,-0.07054029661779462,-0.05249615260065797,-0.03183935879396144
-0.09077226581806523,0.030871127811973882,-0.11016253943163666,-0.09183427205885202,-0.07081164635516929
-0.13061520926221767,0.030082409839935712,-0.1497210968418717,-0.13119686819055618,-0.11027356589536394
-0.17114372217285437,0.029497303843480836,-0.18985360841126064,-0.17119885621821385,-0.15051598334654484
-0.21189831755284458,0.02919469527652581,-0.2304029936132137,-0.2114496517815872,-0.19177914579734023
-0.2526155753322434,0.028834494154200887,-0.27042327302635466,-0.25202772352610653,-0.23260309222763342
-0.29304200614810194,0.028517797092396435,-0.3106791014647373,-0.29263973539663823,-0.2730340463914117
-0.3327508624356875,0.028506702521577526,-0.3507231917182231,-0.3327465475072514,-0.31255776339207475
-0.3716439634846441,0.02906419804407941,-0.39060489236785856,-0.37131475258494295,-0.35053466923427445
-0.40988803508095795,0.03009766948795233,-0.43036211378347555,-0.40998994717563075,-0.3873020656710046
-0.44805509331339166,0.031330425526097556,-0.4697700751715922,-0.4486397831456823,-0.4249073968186193
-0.486664210892177,0.0324383867872518,-0.5099122091519566,-0.4875508360443145,-0.46274830721130594
-0.5259108631754263,0.033197848570213725,-0.550159444988966,-0.5267138227212986,-0.5006562749759268
-0.5657606873495747,0.03376698434671117,-0.590632211210797,-0.5667346927102246,-0.5393529810120359
-0.6056133409119655,0.034430694079701375,-0.6313886402546989,-0.6061633948833633,-0.5784725355725501
-0.6447423493394477,0.03523125145079471,-0.6710492744924909,-0.6453052288135726,-0.6167446312366291
-0.6829139651689022,0.03605563421562553,-0.7093960408988539,-0.6829845985888121,-0.6549169415979137
-0.7200124568531998,0.036881659010818794,-0.7469530281257653,-0.7195980888551139,-0.6912296697616559
-0.7553358985885185,0.03749961567302652,-0.7820871872881086,-0.7545081481514422,-0.7256978225331924
-0.7877520239427276,0.037816914530768235,-0.8145693183780585,-0.7858183033510764,-0.7578069393891634
-0.8163192163155035,0.03785212275351135,-0.8439103795741509,-0.8132867637368737,-0.7859360384156051
-0.8408794120011666,0.03755651709093172,-0.8696876083694125,-0.8377499527199453,-0.8104539760716174
-0.8622586022380527,0.03645037317822671,-0.8922068664294488,-0.8598202554399222,-0.8322201270913028
-0.8807063450788107,0.03459394586368532,-0.9116231244090032,-0.8797469925041554,-0.8526315789473684
-0.8964862438862998,0.03234058642129361,-0.9209916511885181,-0.8963322525009594,-0.8705054919795486
-0.9102030730280977,0.030567872247852165,-0.9361702127659575,-0.9148936170212766,-0.8852657621870386
-0.9222678779678003,0.029080029399221274,-0.9429436241317755,-0.9230170096838017,-0.8969072164948454
-0.9330645505470816,0.02782743927452252,-0.956989247311828,-0.9361892959652451,-0.9148936170212766
-0.9422640845193317,0.026132472040920382,-0.9578947368421052,-0.9418677354610844,-0.9183673469387755
-0.9501257291665075,0.023982689468411075,-0.9677248871340296,-0.9574468085106383,-0.9364601090144431
-0.956569359191048,0.02153743772883097,-0.978494623655914,-0.9578947368421052,-0.9381443298969072
-0.9617484184782141,0.019188432116210814,-0.9787234042553191,-0.9583333333333334,-0.953766767686833
-0.9657360458100452,0.017240684373827826,-0.9787234042553191,-0.9587628865979382,-0.9574468085106383
-0.9686427344196064,0.016097421944269653,-0.9789473684210527,-0.9736508603432499,-0.9578947368421052
-0.9706813339945115,0.015465506574064923,-0.9789473684210527,-0.978494623655914,-0.9583333333333334
-0.9719676804011922,0.015147388886616129,-0.9789473684210527,-0.978494623655914,-0.9583333333333334
-0.9729575244108767,0.015035900328101395,-0.9791666666666666,-0.9787234042553191,-0.9583333333333334
-0.9736249142979138,0.014985181200979077,-0.9791666666666666,-0.9787234042553191,-0.9587628865979382
-0.9741597555617328,0.014991099437786402,-0.9791666666666666,-0.9787234042553191,-0.9587628865979382
-0.97448398999745,0.015083723367943053,-0.9791666666666666,-0.9787234042553191,-0.9587628865979382
-0.9747869836209629,0.015123318698838345,-0.9791666666666666,-0.9787234042553191,-0.9587628865979382
-0.9750049314244694,0.015196768881386727,-0.979381443298969,-0.9787234042553191,-0.9587628865979382
-0.9751305869709735,0.015267938006219596,-0.979381443298969,-0.9787234042553191,-0.9587628865979382
-0.9751735282813772,0.015309304961909728,-0.979381443298969,-0.9787234042553191,-0.9587628865979382
-0.9752013762749756,0.015307478830095294,-0.979381443298969,-0.9787234042553191,-0.9587628865979382
-0.9751379444512466,0.015278818260943943,-0.979381443298969,-0.9787234042553191,-0.9587628865979382
-0.9750499641235036,0.015241123776704047,-0.979381443298969,-0.9787234042553191,-0.9587628865979382
-0.974875418158063,0.015115440128719824,-0.979363754641118,-0.9787234042553191,-0.9587628865979382
-0.9745846403868199,0.015050963622034915,-0.9791666666666666,-0.9787234042553191,-0.9587628865979382
-0.9741711157527735,0.014965258089917905,-0.9791666666666666,-0.9787234042553191,-0.9587628865979382
-0.9735079271226664,0.015018015963347307,-0.9791666666666666,-0.9787234042553191,-0.9583333333333334
-0.9723578867257057,0.015181344438924185,-0.9791666666666666,-0.978494623655914,-0.9583333333333334
-0.9705965902167871,0.015599641288615958,-0.9789473684210527,-0.978494623655914,-0.9579253658490811
-0.9680172726009829,0.016681084533708465,-0.9789473684210527,-0.9687483192758307,-0.9578947368421052
-0.9645653100923463,0.01842649459996527,-0.9787234042553191,-0.9587628865979382,-0.9574468085106383
-0.9599060412599348,0.02057199368675918,-0.978494623655914,-0.9583333333333334,-0.945727380811264
-0.9537852910277403,0.02290691707043768,-0.9775964175890398,-0.9574468085106383,-0.9375
-0.9458473605824271,0.024839668437534584,-0.9583480334551576,-0.9496430967690805,-0.9295441335206871
-0.9362990518805144,0.02642208763681617,-0.9574468085106383,-0.9368421052631579,-0.9166666666666666
-0.9255410306047676,0.02798453089487229,-0.9442660342918134,-0.9290692344416116,-0.9059830002540729
-0.9135110365675363,0.029722592873409923,-0.9361702127659575,-0.9157894736842105,-0.8947368421052632
-0.9001672671058474,0.031845970670246845,-0.9222526847601071,-0.9029993950653289,-0.8762886597938144
-0.8843768928911563,0.03397372710415278,-0.9113167959368743,-0.8868101854741298,-0.8586652089948015
-0.8660147954845507,0.03604664407646613,-0.8917485833736812,-0.8674213670263475,-0.840114816434672
-0.8447340929716711,0.037689735840191065,-0.8695652173913043,-0.84538491088285,-0.8189973414792295
-0.8204621590197536,0.03903964568524509,-0.8447409626691188,-0.8205271948079776,-0.7941538383112324
-0.792793283957428,0.040136899745816315,-0.8170224172268843,-0.7931266235705863,-0.7663011933253908
-0.7615541855574172,0.04117449366621645,-0.78583403897584,-0.7615023550012638,-0.7346769916343859
-0.726902195798116,0.04179005796762083,-0.7508226596209463,-0.7266461281657173,-0.6991612097917872
-0.6895871793786666,0.041902933559932895,-0.7133042989106924,-0.6897445316500612,-0.6612595204275492
-0.6502686228656265,0.041681992349876365,-0.6742223324458505,-0.6508206299702626,-0.622028252423563
-0.6096505490073062,0.04138969547219948,-0.6339160606467853,-0.6104389284639153,-0.5819138891887056
-0.5684806463891022,0.041169089416576134,-0.5930943060703873,-0.5697872857898783,-0.5406491182520314
-0.5270246416247272,0.04130793500546777,-0.5524346455210649,-0.5285965568250699,-0.4989956013790364
-0.4854568045893477,0.04157933712552471,-0.5117840214812049,-0.48754478057346773,-0.4566402704323791
-0.4440149451503183,0.04157107803838597,-0.47039499546175656,-0.4466467121831199,-0.41540003364165956
-0.4028613985625964,0.04097423936985858,-0.4292919564808032,-0.4052511840972616,-0.37546692470913834
-0.3621303619190815,0.03996430661851082,-0.38803750218010213,-0.36430616084472,-0.33633762643092124
-0.32160018885901454,0.03890147634926718,-0.3467882024808117,-0.32406230265367797,-0.2966080542102587
-0.28082512484461636,0.038271750981226184,-0.30592602806576596,-0.28395331888024966,-0.25627609753382097
-0.23957512748786075,0.038154940567041974,-0.26504725178100047,-0.2436000131789946,-0.2153258965487979
-0.1979540829505445,0.03814357557045265,-0.22408827481876642,-0.20243720087800482,-0.1736839355838487
-0.15620201211954685,0.03786284177071415,-0.18279902233064768,-0.16030548826193652,-0.1316258632265839
-0.11476793423731271,0.03743774885375783,-0.141133964479144,-0.11907272018109827,-0.09030479598524815
-0.07412159396200434,0.03668922482879839,-0.10014479156249914,-0.07893536111775853,-0.04939927461097426
-0.03411242317769109,0.03540490603915612,-0.05975840315368295,-0.03855215863099395,-0.009546311369119905
0.005841598407764931,0.033948453972904656,-0.019086734320688022,0.0021602911291987697,0.030351661126729365
0.045952288505848364,0.0326842184778692,0.021467648389225852,0.04365498813006012,0.06946994281150176
0.08615065766180674,0.03176462800147589,0.06253887547316637,0.08378157339929168,0.10919353306240671
0.12652158664620602,0.03122055755368191,0.10322152815311428,0.12387396130546469,0.14955354840290636
0.16711769603685106,0.03096545087399052,0.143937385872963,0.16479818335636529,0.1904617121865981
0.20772324975147344,0.030652857899584548,0.18511499241796361,0.20531068048771406,0.23089270975427606
0.24809865774524717,0.03020329903263765,0.2262438644598533,0.24581566517169823,0.2703351956543152
0.2884250330213335,0.02993052208420644,0.2669709325622409,0.2859942267108727,0.3101188964382068
0.3290811341824187,0.029800815838314867,0.30768004449933956,0.32635527991279684,0.35018707804091553
0.36997539115865585,0.029767128578520406,0.3487621548838552,0.3674350992066773,0.3907470723227114
0.4105950161295231,0.029813244320420384,0.3894251254667726,0.4083272167623039,0.43116511371484906
0.4506119108063896,0.029572907338127615,0.4294297760488802,0.44877100729150154,0.4710140536908929
0.4902746390837501,0.028953609821897118,0.46951169743010596,0.489009177242799,0.5110270021759102
0.5300644669298559,0.028322282162200913,0.509781803976243,0.5290333766992061,0.5505344995043673
0.5701094109480411,0.02781717177511699,0.5502108195008422,0.5690844010159228,0.590207671759454
0.6101431638368909,0.027212823621605167,0.5909959684932751,0.6088122095625402,0.6299075245343525
0.649614931158833,0.026635017623588508,0.6304616948301787,0.6480867813767929,0.6694080327938355
0.687952175397585,0.026164495911162936,0.6685559819302928,0.6861822942511115,0.7078451540036941
0.7247886198352368,0.02584720078519994,0.70541424938744,0.7237059307016975,0.7446256541066314
0.759696981985441,0.025594204222743985,0.7407311099667386,0.75893076162093,0.7793777167962067
0.7919459461152933,0.025141018247590075,0.7731065416995722,0.7911224659191756,0.811393098468522
0.8207367373621577,0.02420011190134769,0.8028577518721909,0.8197036749015562,0.8395482137811188
0.8455866066598433,0.022967183632458938,0.8286172207138509,0.8452034675582931,0.8635423721951813
0.8665304289091899,0.021781303636456955,0.8508812385790717,0.8668733311146932,0.8837185648867566
0.8842437850096666,0.02059303114185238,0.8706105420789947,0.8847094190576248,0.8984323326266037
0.8995495759405662,0.019647747000600072,0.8864013775561601,0.8984413614401989,0.9157894736842105
0.912957447991177,0.018754684678712854,0.8974251778661692,0.9148936170212767,0.9277481350720495
0.9246033100080854,0.01783508470876685,0.9148936170212767,0.9251669871924739,0.9375
0.9348529995588949,0.017007634887122758,0.9215230299959961,0.9368421052631579,0.9469262844498241
0.943836160422153,0.016227226084474574,0.9361702127659575,0.9413865244910964,0.9578947368421054
0.9518783381557236,0.01568913912472097,0.9376175206090385,0.956989247311828,0.9587628865979381
0.9589433159794792,0.015173327386945107,0.9539886310576645,0.9578947368421054,0.972387436152047
0.9649132171295792,0.014626334786259406,0.9574468085106382,0.9595959595959596,0.9787234042553192
0.9702242636368922,0.014406109874473466,0.9578947368421054,0.9782608695652173,0.9791666666666667
0.9746596039887093,0.01428899447064065,0.9591836734693877,0.9787234042553192,0.9793814432989691
0.9782697096493417,0.014078036386126126,0.9782608695652173,0.9789473684210526,0.9795918367346939
0.9811956730289754,0.013897323657985133,0.978494623655914,0.9789473684210526,0.9958944569874162
0.9833630640765544,0.013787329425657543,0.9787234042553192,0.9791666666666667,1.0
0.9849640289806119,0.013673010828048959,0.9787234042553192,0.9793814432989691,1.0
0.9858813110749248,0.013655012492212609,0.9787234042553192,0.9793814432989691,1.0
0.9859350816552472,0.013684262241074335,0.9787234042553192,0.9793814432989691,1.0
0.9851883144593355,0.013761095011812255,0.9787234042553192,0.9793814432989691,1.0
0.9835956799457115,0.013843924512347125,0.9787234042553192,0.9791666666666667,1.0
0.9810574972717957,0.013971917337566097,0.978494623655914,0.9791666666666667,0.9949455148611205
0.9776517219256129,0.014055509251290363,0.9762613308699011,0.9789473684210526,0.9794266057716368
0.9734217679863143,0.013983371419672395,0.9591836734693877,0.9787234042553192,0.9791666666666667
0.9683020951136907,0.014125729625883309,0.9578947368421054,0.9735865204063555,0.9789473684210526
0.9621946768119831,0.014223503708242395,0.9574468085106382,0.9587628865979381,0.9782608695652173
0.9548433690986884,0.01441530375727505,0.9454098055426212,0.9574468085106382,0.9591716806163606
0.9465272786143484,0.014537370545758377,0.9368421052631579,0.9486151532193661,0.9574468085106382
0.9371330094636549,0.014925011565054649,0.9311686360135097,0.9368421052631579,0.9471053246879246
0.9265312396138661,0.015187990980652597,0.9162823796256226,0.929343839749289,0.9368421052631579
0.914638982257611,0.015758015266039597,0.9058128689428875,0.9157894736842105,0.9246512892972975
0.9012103137805161,0.01653120256925197,0.8935124742203692,0.9013624870306888,0.9140231127539113
0.8858418550289332,0.017549209298874085,0.875,0.8884854382534184,0.8958887284112081
0.867383588143688,0.019130640710534334,0.8559003400546835,0.8696139594143089,0.879749061694133
0.8449405192088942,0.021606751285958566,0.8323986876204376,0.8468286119597643,0.8594263912688316
0.8184569607976567,0.024606587878594,0.8028192946848204,0.8200622946383302,0.8358179224609633
0.788895748070701,0.027536487717176813,0.7702827396019717,0.7898143667167972,0.8092241835470506
0.7572280993831322,0.03036263140948833,0.7358835983510397,0.7570043200225245,0.7798589015813717
0.7236927792988087,0.03273643171839722,0.6997763911348325,0.722109165499495,0.7482465611331105
0.688581950878703,0.0344651268486172,0.6629959179877567,0.6859954078988078,0.7142459474537567
0.652359781679215,0.03552279430206505,0.6260708368441846,0.6484555362124299,0.6783351886629265
0.6154688308983943,0.03583177083795422,0.5888478481360891,0.6108157783023778,0.641457948053314
0.578325387090648,0.03550348807584362,0.5519526072633841,0.5736516212576699,0.6029534257157868
0.5410977164905465,0.03471406204139623,0.5152826977245997,0.5367517838070878,0.5659670705444269
0.5035505103210235,0.03368416512500486,0.47876296878304925,0.4998441825196872,0.5283710458410819
0.4654321046501637,0.032834804438193296,0.441486506823899,0.46274525458037563,0.49001048225614174
0.42669504099845257,0.032218109786862695,0.403362014730227,0.42405933704742393,0.45019690102769566
0.38753418891021296,0.03162444053256182,0.3648475294703127,0.3849534294436841,0.40987142127699905
0.3482154821984692,0.03102268922436793,0.3264942813749713,0.34635940356783523,0.3696714690932035
0.30869221456454315,0.030433367229870615,0.287529198945141,0.3075860310256565,0.3294777250756127
0.26897002261627845,0.029818835234118452,0.24833581746009847,0.26816781495989045,0.28939422328956194
0.22911910554053055,0.029063958889551374,0.20911308257528857,0.2285737077532962,0.24925483479978414
0.1891475642834141,0.028379394537598693,0.16933856201884184,0.18870969886340355,0.2093498472059083
0.14911379315457393,0.027949663845164865,0.12959873119603207,0.14914464898338028,0.16941781249292118
0.10913624776043841,0.027809297356277882,0.08999906201821528,0.109089859262103,0.12971524599854728
0.06927860314399392,0.027848796070475152,0.05055544597361669,0.0693977333646357,0.08928297437229187
0.029585283676583918,0.027880074414905694,0.010682682263797028,0.02985393857110251,0.04909867533350569
-0.00995220451871686,0.027841063322064232,-0.029018703956274424,-0.009660718792354821,0.009343663270603975
-0.04962246949454136,0.02783762535171807,-0.06889007908101649,-0.048944442179181424,-0.030226329929930046
-0.08979664010860454,0.028131796555443535,-0.10929066635854678,-0.08913386854323445,-0.07001625429537987
-0.13030687561747364,0.028874620683342754,-0.1500211832220168,-0.12982818889885306,-0.11005298050763956
-0.17101832775782078,0.0296642651106901,-0.1914491744037798,-0.17105096459142094,-0.15071216230395115
-0.21179826162647727,0.0302679915828985,-0.2324921375021337,-0.21230084608687394,-0.1908386810561284
-0.2523614134922459,0.0307321741442679,-0.2734135979580382,-0.2536048732334988,-0.2310439652043971
-0.29249473026851147,0.030810423721791186,-0.3136841558875466,-0.29388925627301643,-0.27122104120607504
-0.3318806976329069,0.030552652621046252,-0.352605437152011,-0.33318384184365607,-0.3111149155384731
-0.3706080348670065,0.030428653115101977,-0.3913888164271627,-0.3713068460849556,-0.3502340857668472
-0.40919486463948385,0.030860826346454203,-0.43022135256024896,-0.4100162020787719,-0.3882692105286001
-0.4480961109505433,0.03168327912589633,-0.4696875985253069,-0.4492607634358285,-0.42619557631631677
-0.48750289023396026,0.0326236442124252,-0.5098482409586155,-0.4890836605975257,-0.4649884712510435
-0.5273243469431657,0.03366546093102484,-0.5505559922564697,-0.5292530545908269,-0.5043126877175568
-0.56737460681337,0.034670198828446665,-0.5913638071300678,-0.5698351580694252,-0.5433501218972883
-0.6072894890091898,0.03564421568533893,-0.6318907800150775,-0.6097145736842113,-0.5828986901119511
-0.6464846541167184,0.03652138424846142,-0.6715187129722764,-0.6492661707318853,-0.621236845112281
-0.6844091596165532,0.03721238600927801,-0.710411044505807,-0.6870681093131403,-0.6573820427061141
-0.7207272930362777,0.037481872716370615,-0.7470234234246678,-0.7229613120717342,-0.6932539017882011
-0.7550777539821878,0.03741752052508831,-0.7807439046061937,-0.7568341197384143,-0.7282583239297264
-0.7865231384024653,0.03720833821097425,-0.8113652194492936,-0.78723624555582,-0.7597043073704114
-0.8140795289247811,0.03695710153121954,-0.8396837767963529,-0.8138365545069226,-0.7870573492594228
-0.8378402835924609,0.03656223716718652,-0.8644388380666891,-0.8373287163757968,-0.8105263157894737
-0.8583079031313929,0.03538624486151084,-0.8852382564807406,-0.8582707705288019,-0.8318733831147008
-0.8759163533681524,0.033611967953474806,-0.9012428809455786,-0.8761589969753172,-0.8511840108545065
-0.8908167012935266,0.031696350104957374,-0.9148936170212766,-0.894634781090198,-0.8682254046659925
-0.9040056794939332,0.029964807948068124,-0.9271663780929502,-0.9073609345752717,-0.8815635285719473
-0.9156389185356766,0.028774758054811358,-0.9361702127659575,-0.9157894736842105,-0.8958333333333334
-0.9260021759870009,0.027617299608664422,-0.9460758113138221,-0.92980624310576,-0.9079806460538902
-0.934824283320798,0.026192252707418737,-0.956989247311828,-0.9368421052631579,-0.9166666666666666
-0.9421248844658011,0.02435597839661853,-0.9574468085106383,-0.9381077652402251,-0.9260472738341765
-0.9480422020816105,0.022375282573239397,-0.9578947368421052,-0.9565217391304348,-0.9368421052631579
-0.9527251824209519,0.020584550906659425,-0.960363064610045,-0.9574468085106383,-0.9375
-0.9563111061566786,0.01935494389088644,-0.9782608695652174,-0.9578947368421052,-0.9381443298969072
-0.958858112590298,0.01860457925335551,-0.978494623655914,-0.9578947368421052,-0.9451351759685294
-0.9606653491735033,0.018255293855879096,-0.978494623655914,-0.9583333333333334,-0.956989247311828
-0.9619925574536738,0.018119256880918897,-0.9787234042553191,-0.9583333333333334,-0.956989247311828
-0.962937496311469,0.018102453751718067,-0.9787234042553191,-0.9583333333333334,-0.9574468085106383
-0.963680009071868,0.018102642703202828,-0.9787234042553191,-0.9587628865979382,-0.9574468085106383
-0.9641725644855956,0.018160455537559086,-0.9787234042553191,-0.9587628865979382,-0.9574468085106383
-0.9645673499717123,0.01820334614537208,-0.9789473684210527,-0.9587628865979382,-0.9574468085106383
-0.9648365784786993,0.01821970656872002,-0.9789473684210527,-0.9587628865979382,-0.9574468085106383
-0.9650108124667061,0.01822122797469287,-0.9789473684210527,-0.9587628865979382,-0.9574468085106383
-0.9651698210407802,0.018314183618192103,-0.9789473684210527,-0.9587628865979382,-0.9574468085106383
-0.9651990168116551,0.018299756020131484,-0.9789473684210527,-0.9587628865979382,-0.9574468085106383
-0.9651404153310046,0.018312696400503495,-0.9789473684210527,-0.9587628865979382,-0.9574468085106383
-0.9651138965156838,0.01830688293903084,-0.9789473684210527,-0.9587628865979382,-0.9574468085106383
-0.9650501403744163,0.01823250777459184,-0.9789473684210527,-0.9587628865979382,-0.9574468085106383
-0.9648127597330404,0.018207439878173165,-0.9789473684210527,-0.9587628865979382,-0.9574468085106383
-0.9645215021286954,0.01816921364868678,-0.9787234042553191,-0.9587628865979382,-0.9574468085106383
-0.9640193984067277,0.018057193168996972,-0.9787234042553191,-0.9587628865979382,-0.9574468085106383
-0.9631647710025877,0.018120223973291757,-0.9787234042553191,-0.9583333333333334,-0.9574468085106383
-0.9618322794580961,0.018321850563330064,-0.9787234042553191,-0.9583333333333334,-0.956989247311828
-0.9599129563631599,0.01887221808668918,-0.978494623655914,-0.9578947368421052,-0.949224732993007
-0.9570674979389341,0.02001250802547383,-0.978494623655914,-0.9578947368421052,-0.9381443298969072
-0.9533392795020129,0.021605687480511164,-0.971236225064722,-0.9574468085106383,-0.9375
-0.948403203053987,0.023606051728280043,-0.9587628865979382,-0.956989247311828,-0.9361702127659575
-0.9419311287370155,0.025744813401195804,-0.9578947368421052,-0.9390096817111008,-0.921802080091344
-0.9335641537686432,0.027800358362936903,-0.956989247311828,-0.9368421052631579,-0.9157894736842105
-0.9237035146301207,0.029587825585907064,-0.9424506495803359,-0.925615983970951,-0.9017484592700699
-0.9125550670750122,0.03134569689981551,-0.9361702127659575,-0.9157894736842105,-0.8937390491520547
-0.900294020543823,0.033106468713501605,-0.9223551339363201,-0.902608599411613,-0.8762886597938144
-0.8863515616161657,0.03554374256202851,-0.9139784946236559,-0.8918219276395243,-0.8602116221527566
-0.8699783664345406,0.03787031906104344,-0.8962413382454799,-0.8736093963857698,-0.8427412177157994
-0.8510133877036996,0.04028914723110597,-0.8789448261404571,-0.853087137224219,-0.8226771257337355
-0.8290812929759221,0.04243392840934986,-0.8581037026195093,-0.8311290821591253,-0.7996465096605778
-0.8038718615008889,0.04459598658229706,-0.8339403840660766,-0.8054757272723106,-0.7730871179538468
-0.7752201230297739,0.04666481927960449,-0.8068435395666849,-0.7771665667798086,-0.7433437455066697
-0.7430391437059239,0.048214959842306046,-0.7752710014477789,-0.7455431851109167,-0.71052446264415
-0.7076389489727309,0.049248460093108154,-0.7408283968724814,-0.7097079445769574,-0.6736583433723007
-0.6697386419677868,0.04998665369887327,-0.7036553440607386,-0.6723402966117211,-0.6346415467785496
-0.6300074957796686,0.05060828501737175,-0.6645198826959617,-0.6324760729637857,-0.5940262457235836
-0.5890555962392,0.051013046865867315,-0.6242535633531408,-0.5920827621368396,-0.5522297956618705
-0.5476206967657968,0.05138644181230998,-0.5839078185546192,-0.5513478712190473,-0.5104929746761053
-0.5062699432214667,0.05190201080495596,-0.5435168590678912,-0.5104021084338802,-0.4682664434342009
-0.46528361766272014,0.05196902713118565,-0.5032000463925657,-0.4702356456777603,-0.42685818593269376
-0.42468342068023524,0.051168276455571954,-0.46201481690683044,-0.4305976915130603,-0.3865283998512322
-0.3843209331317489,0.049946435022728324,-0.4202204227453731,-0.390384684274584,-0.3474243646334809
-0.3440138261369573,0.048736966019280084,-0.3789288241262725,-0.3503728695724225,-0.3092282431456075
-0.30341452474119524,0.04808579890457325,-0.3381083577751621,-0.3106075447042519,-0.26939073974393823
-0.2622431870793635,0.04832257991081228,-0.29757304803049545,-0.269876361271348,-0.2291956848844357
-0.22055072026510159,0.048967389335088145,-0.2562640056880755,-0.22911425078227413,-0.18695117656538254
-0.17868063917935215,0.0493218139944303,-0.21475441973128373,-0.18783113277915636,-0.1446575545463863
-0.1370726171937216,0.04913119750781059,-0.17348887969355495,-0.1456472955001319,-0.10515175920898726
-0.09613615094969517,0.04835746219877414,-0.13274641328309428,-0.10477147857271991,-0.06408479733211103
-0.05608270793714786,0.047085174108358635,-0.09193949951143436,-0.06477125471706796,-0.02310916032725426
-0.016456392394781645,0.04565113255918518,-0.05150610022306866,-0.02496136825085191,0.017636890720620954
0.023274186075948236,0.044467561071026666,-0.011201166388201783,0.015678896216183145,0.05638431738545265
0.0631927499377729,0.043425650886174005,0.02926318155578401,0.05661066622113914,0.09581635881013004
0.10322731333489867,0.04261697778363007,0.07019232983909428,0.09634939001182856,0.13589625625988838
0.14331253089425472,0.042103014608506184,0.11003646376609755,0.1370128322647169,0.17578750225589385
0.18343175951509738,0.041644633858844655,0.15074229130115663,0.17698067149916258,0.21498250724641343
0.22369032358383753,0.04128465005795276,0.19195934121220087,0.21707934221997333,0.253856287938117
0.26397760253458086,0.0411529819623044,0.23272349411782045,0.25724468016881025,0.29257293623976366
0.30427625738871444,0.041480819013228275,0.2730124074912238,0.2971530576378378,0.33292637424898985
0.3448402949023172,0.04185139712715642,0.31330386529142956,0.3376157605525032,0.37239176946686314
0.3854354055055877,0.041745309322170555,0.3541304022967904,0.378537144841417,0.41259406075466637
0.42550317173096863,0.04120039832666154,0.39486890923582363,0.41935362622896144,0.4522150488770371
0.46492549176157016,0.04048221645856888,0.43485543997044473,0.4593298569137388,0.4916062160921387
0.5042084702478731,0.039861082985896946,0.4749736760958875,0.4991220407635195,0.5309602539659537
0.5438172661167455,0.03953120133315609,0.5152304403532771,0.5390600951414185,0.5704117663592696
0.5836199618089607,0.039227525923995185,0.5553322696099169,0.5786227547429247,0.6102768720550775
0.623186373714557,0.03842901642483286,0.5953401923448985,0.6183379796036684,0.6494233481419525
0.6621008613525465,0.03729110290728587,0.6348982348508363,0.6573132057947247,0.6874853429169802
0.699920835924299,0.03620435057175408,0.6733605690152602,0.6957038662071588,0.7251295430850504
0.7362470021992656,0.03512127739765747,0.7105387921836209,0.7322407259646068,0.7604925899882609
0.7705034271574012,0.033838585583482086,0.745985181820436,0.7669978445706462,0.7937654348476706
0.8021035644302407,0.031872097383029645,0.7789110213589974,0.7991792668059978,0.8246937103377389
0.8302588044891748,0.02941713741480933,0.8090197365990723,0.8280343924504331,0.8516072212452634
0.8546002411858877,0.026652726500217935,0.8353465563186628,0.853324146981393,0.8739505120528819
0.8752467304145114,0.024063747726362633,0.8580616300659574,0.8740442325266181,0.8937012589430345
0.8929096101959636,0.022047085979957234,0.8765721306784213,0.8936170212765957,0.9108658309267574
0.9083035862236214,0.0202777243778868,0.8940244395353625,0.9097075373797134,0.9213778720811354
0.9213976568191443,0.018688861260993044,0.9112656395171523,0.9187301283896309,0.9368421052631579
0.9330711468689731,0.017355120369955863,0.9191842822858778,0.9361702127659575,0.9429030255969139
0.9433063978417081,0.016147646548198672,0.9359163006244824,0.9402622879528616,0.9574468085106382
0.952283588563724,0.015123123528598447,0.9387755102040816,0.9573209754501115,0.9587628865979381
0.96024106833535,0.014273224574292611,0.956989247311828,0.9583333333333333,0.9721125422356915
0.9673055357072983,0.013345782202949573,0.9578947368421054,0.9674101708240682,0.9789473684210526
0.9733478447479518,0.012770836297939542,0.9604321059531913,0.9787234042553192,0.9791666666666667
0.9785138971078945,0.012314175629481115,0.978494623655914,0.9789473684210526,0.9793814432989691
0.9829648554892704,0.0121016088388722,0.9787234042553192,0.9791666666666667,0.9942367887776344
0.9866690060400527,0.01191265000788283,0.9789473684210526,0.9795466084260698,1.0
0.9895624348639922,0.011593725528926922,0.9789473684210526,0.9951440243072855,1.0
0.991821055482037,0.01110836254106268,0.9791666666666667,1.0,1.0
0.9934774867003784,0.010578061942686432,0.9795918367346939,1.0,1.0
0.994345477482676,0.010258780251753629,0.9872795312376618,1.0,1.0
0.9943944164290386,0.010330669118158808,0.9894563003416849,1.0,1.0
0.9936045272857255,0.010723096973427675,0.9795918367346939,1.0,1.0
0.9919448889367735,0.011338886608010178,0.9791666666666667,1.0,1.0
0.9893999221064222,0.012005942546822334,0.9789473684210526,0.9942739523003306,1.0
0.9860744214327959,0.012349997204060999,0.9789473684210526,0.9793814432989691,1.0
0.981795714026674,0.01232897644030599,0.9787234042553192,0.9791666666666667,0.9881311344886311
0.976648282377811,0.012357453262454417,0.974129227576467,0.9787234042553192,0.9793814432989691
0.970540152094567,0.012595357711270926,0.9587628865979381,0.9778052023279099,0.9789473684210526
0.9633333114613986,0.01293932797156535,0.9574468085106382,0.9587628865979381,0.9773834642844625
0.9550537995319037,0.0133364537730894,0.9476990191726467,0.9574468085106382,0.9587628865979381
0.9455994272282191,0.013704929842744852,0.9368421052631579,0.9454021523368367,0.9574468085106382
0.9351566156273572,0.014341787851927112,0.9270906865042887,0.9366212924032952,0.9421469641446005
0.923294690990558,0.015102200668068633,0.9150193197407053,0.9229537868699912,0.9355201715577772
0.9097377938579405,0.016427973925613005,0.8982170850492766,0.9131157680700616,0.9181445977373106
0.8942505519493908,0.01827341065826543,0.8836971087260694,0.8948833784104754,0.9077544147765968
0.8758379347724945,0.02098948913861374,0.8635671116006591,0.8773106095506897,0.89247311827957
0.8536553576724052,0.024938804214506307,0.8380537270435506,0.8560879668114769,0.8723404255319149
0.8275820898198263,0.02942202198583901,0.8076965228423003,0.8303529402914852,0.851015112965438
0.7983867098643493,0.033682384333927846,0.773753377455798,0.8003031743266196,0.826357718855083
0.7670115897920944,0.03732986789312198,0.7388388006460482,0.7677006302057385,0.7983559155055018
0.7338760144594242,0.040211574740629835,0.7035507073910608,0.732683024114505,0.7676961368438848
0.699178627356593,0.04216071373169801,0.6673920410556141,0.6969271059087774,0.7343241528680888
0.6632252918806163,0.04322081652153543,0.630193482623276,0.659538755779583,0.698496931130414
0.6265362871447129,0.04361270660626047,0.5937101728632785,0.6221792485085063,0.6612321569257984
0.5893988583594498,0.0434783374681408,0.5566649306695988,0.5850491333808603,0.6228585488730067
0.5518412305681906,0.0429208988740831,0.5200317436553824,0.5483236289175266,0.5840549933536437
0.5139491299177666,0.042170525290793105,0.4831080972629748,0.5109891244486126,0.5461003481847746
0.47573616924959305,0.04153533984005747,0.44630684788969843,0.47367924111644816,0.5077840836216814
0.43718597836817774,0.041209429653344704,0.4076720600154832,0.4355148417078947,0.46927426431601593
0.39840323613912887,0.0408990364890646,0.3692674442037953,0.39739621397504,0.42987665532761543
0.3593213179440573,0.04047051958652249,0.3307274063193173,0.3591550247503081,0.3896838708530531
0.3198597485222468,0.04020773204928744,0.2920289925260378,0.3209531806946966,0.34956906164030166
0.2800515358788005,0.03995251441253179,0.252319826463838,0.28153286686076145,0.309390957625511
0.24003934882340033,0.03953723059752803,0.21209544924860735,0.24242421318386698,0.2691136792817943
0.1999835637684748,0.038990545154768026,0.17259111060161028,0.20333173186659034,0.2284514868967728
0.15992064450460028,0.0384828006470685,0.13308723955987156,0.16416289426183422,0.1884844129524451
0.12005941967738634,0.03796158861624754,0.09389353858003455,0.12443174184626635,0.1480517360357801
0.08044452609073893,0.03723756400396852,0.054774815257258025,0.0842652971921041,0.10779860167806236
0.040991837385389106,0.03650276542980248,0.01631569410323455,0.044191383004798836,0.06728318026982966
0.0015684273713342882,0.036107952070521136,-0.021817431588164682,0.004362989649585813,0.026767172341505104
-0.03821129640148378,0.03611741517706275,-0.060918580903936856,-0.035981331384909804,-0.013401949048133022
-0.07853218464130116,0.036539152242726344,-0.10201438493412528,-0.07634052936870996,-0.052751771798537114
-0.11916805724996507,0.0375143544108943,-0.14347831112560933,-0.11722453369839059,-0.09238969185660995
-0.1599085671286725,0.038716098648451346,-0.185798284399323,-0.15777800427842456,-0.13199289390238325
-0.20073239004535193,0.03959451877025463,-0.22810096882502054,-0.19872512808271858,-0.17173957118743177
-0.24129370021799812,0.039870241543877694,-0.26941385147791697,-0.23959647522498562,-0.21192689534556142
-0.2813168155546608,0.03938543756368462,-0.3096261162715258,-0.28004374323610187,-0.25287132032891924
-0.3207610383391141,0.03842320739668395,-0.34736181906733377,-0.3202233422368439,-0.2936983942396698
-0.3596042492663618,0.0379001775272364,-0.3851434162125572,-0.35960839969933556,-0.33316984686997597
-0.39830840309641885,0.03817956709673369,-0.4234225865094262,-0.39788780135500684,-0.3719104755949197
-0.4374206227738676,0.03891208025644519,-0.46306747220530764,-0.43690787383418694,-0.410497243710743
-0.47708297878915323,0.03984305850728121,-0.5039178999756408,-0.4770899915001552,-0.44904656777508645
-0.5168812774022794,0.04078080400158918,-0.544593436327701,-0.5174564857824189,-0.48831982851236616
-0.5566503548127609,0.04155464302912802,-0.584848245498127,-0.5577249429480228,-0.5269768415921708
-0.5962459163524346,0.04211473241055887,-0.6251682051507412,-0.5979669953111503,-0.5661666396241284
-0.6352680201967318,0.042307444171058195,-0.6644298608989467,-0.6373013547438622,-0.6055508831530294
-0.6732623329459675,0.04217075701454634,-0.7026149999209673,-0.6756176897086128,-0.6442710553987709
-0.7095334274813242,0.0416968432062123,-0.7387060230145733,-0.7129364950463888,-0.6808072247113015
-0.7436684032319619,0.04087472128292602,-0.7723165694904965,-0.7475323334352724,-0.7153906987943175
-0.7751756330238088,0.0398001751284012,-0.802640367285768,-0.7785338808809558,-0.7478286947769897
-0.8033428982987779,0.038696903216028165,-0.8300842235497898,-0.8058699477084649,-0.7769058554584568
-0.8279180275578446,0.03786263688246883,-0.8539519102359024,-0.8309162886046196,-0.8019075251944188
-0.8491326835136931,0.03685065399785857,-0.8740344578832039,-0.8526315789473684,-0.8237667831327637
-0.8672842228923986,0.03520269606848083,-0.8936170212765957,-0.8723404255319149,-0.84371578516611
-0.8825769426244437,0.03342931390755084,-0.9075933375992804,-0.8874705135601132,-0.8599073653032445
-0.8959359424652208,0.03170072186926735,-0.9157894736842105,-0.8958696159473726,-0.875
-0.9077957501033426,0.03054160810906737,-0.9324539275294313,-0.9148936170212766,-0.8915048454803006
-0.918438444840715,0.029607519193546126,-0.9368421052631579,-0.9168332735501876,-0.8969072164948454
-0.9275815933792645,0.028530079974901052,-0.9490495674128453,-0.935483870967742,-0.9148936170212766
-0.9350278989983244,0.027164010507308687,-0.956989247311828,-0.9368421052631579,-0.9166666666666666
-0.9410477208062011,0.02546345285377267,-0.9574468085106383,-0.9375,-0.9243021000634765
-0.9457853633862424,0.024066436528597444,-0.9578947368421052,-0.9506869404234972,-0.9361702127659575
-0.9496055367915337,0.02286876358375741,-0.9583333333333334,-0.956989247311828,-0.9368421052631579
-0.9522582746500028,0.022191216247695482,-0.9606200622100944,-0.9574468085106383,-0.9375
-0.9541111432826929,0.02185305700061885,-0.9757818889597702,-0.9574468085106383,-0.9375
-0.9553819023440786,0.02174772679036257,-0.9782608695652174,-0.9578947368421052,-0.9375
-0.9561400678203976,0.021743828037976254,-0.978494623655914,-0.9578947368421052,-0.9381443298969072
-0.9565796291262664,0.021635131310487072,-0.978494623655914,-0.9578947368421052,-0.9381443298969072
-0.9566419415216119,0.021615204833159568,-0.978494623655914,-0.9578947368421052,-0.9381443298969072
-0.9568336968166705,0.021581238139802436,-0.978494623655914,-0.9578947368421052,-0.9381443298969072
-0.9569896994806071,0.02165515013197552,-0.978494623655914,-0.9578947368421052,-0.9381443298969072
-0.9569839247731119,0.021693315207540805,-0.978494623655914,-0.9578947368421052,-0.9381443298969072
-0.9568474717938286,0.021735394981860084,-0.978494623655914,-0.9578947368421052,-0.9375
-0.9568254167438124,0.021660225960237183,-0.978494623655914,-0.9578947368421052,-0.9375
-0.956893479828469,0.02161116800759378,-0.978494623655914,-0.9578947368421052,-0.9375
-0.9569475415598733,0.02145322007317776,-0.978494623655914,-0.9578947368421052,-0.9375
-0.9570507924635033,0.02118321023935565,-0.978494623655914,-0.9578947368421052,-0.9381443298969072
-0.9570465554499251,0.02080409853245088,-0.978494623655914,-0.9578947368421052,-0.9381443298969072
-0.9570213399710777,0.02040676605081035,-0.978494623655914,-0.9578947368421052,-0.9381443298969072
-0.9567739711088931,0.020311192951841757,-0.978494623655914,-0.9578947368421052,-0.9381443298969072
-0.9559929596556286,0.02025860952217628,-0.9782608695652174,-0.9578947368421052,-0.9375
-0.9547610608414887,0.0203982702673009,-0.9696533095760499,-0.9574468085106383,-0.9375
-0.9530241557121512,0.020856177048574148,-0.9591836734693877,-0.9574468085106383,-0.9375
-0.9504660985740622,0.021936514263275312,-0.9587628865979382,-0.956989247311828,-0.9368421052631579
-0.9469090472496858,0.02329257221158902,-0.9578947368421052,-0.9486705520706006,-0.9361702127659575
-0.9422657267132384,0.025261991480966643,-0.9578947368421052,-0.9381443298969072,-0.9259869440770085
-0.9359776011174273,0.02764256598799524,-0.9574468085106383,-0.9368421052631579,-0.9166666666666666
-0.9279235347623567,0.029974713588465526,-0.9540523255282545,-0.9331861612381958,-0.9123486988397242
-0.9184051236577281,0.03226860222956968,-0.9375,-0.9171650140954029,-0.8962411565523136
-0.9074076696620096,0.03439635099674107,-0.935483870967742,-0.9122497891000181,-0.8862927296165116
-0.8951618164186269,0.036598136476702965,-0.9166666666666666,-0.8958333333333334,-0.8736842105263158
-0.8811505729026549,0.039041606235076236,-0.9112249896680796,-0.8840200229906219,-0.8556701030927836
-0.864936119951114,0.042041493395144534,-0.8947368421052632,-0.8682638149543542,-0.836544019321082
-0.8461504855881691,0.04509315431359599,-0.8768025161074536,-0.8484005668447905,-0.81518446010074
-0.8241978412958306,0.04818827871578675,-0.8572214927630954,-0.8260347395403305,-0.7910480102980897
-0.7985206174305733,0.0514051774397621,-0.833312527544003,-0.8008395752586636,-0.7623362035533561
-0.7692646178360808,0.05474278684462518,-0.8060433537991343,-0.7719250184948689,-0.7305943538338935
-0.7366836162341371,0.05777079665877787,-0.7758486091373884,-0.7398661980830616,-0.6945696340559293
-0.7011077193860998,0.05989073940564798,-0.7415674795173963,-0.7044123524831389,-0.6573553604804876
-0.6629601497203623,0.061232396724835124,-0.7054695914865754,-0.6667489857610392,-0.6173358820082961
-0.6228190706146554,0.06225989180275293,-0.6664447402275542,-0.627037702719529,-0.5751232140611258
-0.5814067881643041,0.06304415227017614,-0.6271866409289275,-0.5864740603253187,-0.5331227851693476
-0.5397911210521694,0.06363081929087806,-0.5868305691911173,-0.5462240660361342,-0.4908916640013241
-0.4985263546857822,0.06407500540602444,-0.5460832207044691,-0.5053864231592405,-0.44816997122813357
-0.4577434697522605,0.06390528633444222,-0.5057922759454352,-0.46533709124889805,-0.4066935559927339
-0.41706870162348697,0.06289787772372658,-0.4640610285710265,-0.42549838041672927,-0.3664101659733183
-0.37633355582711087,0.061691985674141976,-0.42231887806720614,-0.38440335779006807,-0.3266575749146113
-0.33572820958794797,0.06073237636501718,-0.38121380873496413,-0.3442936988371657,-0.28678762518915407
-0.2949774539929617,0.06057801898683559,-0.34014340161782397,-0.3044724873752722,-0.2477647620357667
-0.2534791373476786,0.06137866159972867,-0.2985383817537554,-0.2646299949873689,-0.20724791918527727
-0.21154827586558206,0.06240321054279688,-0.2572712053671244,-0.22335363332571365,-0.16501095382251496
-0.16972147347409822,0.06263773396318004,-0.2165320148199553,-0.18147081603385035,-0.1237107456187244
-0.12829698712826218,0.06171890809836284,-0.17552472471857572,-0.13955045318887582,-0.08222715846321053
-0.08779853296706626,0.060142643912865286,-0.1341373453331408,-0.09924250431267856,-0.041393246834444536
-0.04804208220139005,0.058645593179218844,-0.09316472744855513,-0.05930648254963557,-0.0020375981673827342
-0.00843075861631791,0.05746230509620758,-0.053251100157534495,-0.018602827180001683,0.03715410126483204
0.03125921012624821,0.056261604124276374,-0.012460810272286285,0.022167299314826798,0.07602721644913964
0.07097475177858835,0.054977360194765894,0.028356963272292063,0.06322105844188858,0.11538701098924108
0.11101006901256673,0.053893036764897345,0.06996121576874768,0.10235313178130553,0.1536129326179581
0.1515274321753282,0.05324548358549708,0.11029478752913487,0.14357495203219628,0.19176019054060237
0.1921853078133174,0.052746531324152066,0.15087640865461688,0.1837984042733411,0.23091616730588788
0.23269658983856006,0.05240053895108,0.19174925175199276,0.22412629975570741,0.27034705784630736
0.2729980488854162,0.052445515029710045,0.232251055944651,0.264084397074695,0.309925401810103
0.31302708978662347,0.05266665655664633,0.27303438590484025,0.3030645801971672,0.34912473328520893
0.35296043477061195,0.05232141710749878,0.31375657320511285,0.34238496154977505,0.3883440009763222
0.39294478849654735,0.05146960560209227,0.3537935114770771,0.38285867076214175,0.42748522162042063
0.43279811513689,0.05051351964178876,0.39471763953478567,0.42337608045009023,0.4668693068438809
0.47231013276853323,0.049716434621726015,0.43520823118326046,0.46359310879115634,0.5057930008823082
0.5117869576331828,0.04907846508364662,0.474915873142716,0.5034896536294529,0.5440705401685413
0.5515867940030502,0.04835514245065276,0.5144348805980946,0.543337421676936,0.5834831272201109
0.5914188470711392,0.047567354617353015,0.5549725746458534,0.5835428508264624,0.62281287401188
0.6306443583548547,0.04683376735981805,0.5949674076841943,0.6231103152910198,0.6624410978337001
0.6690682811208162,0.04569523652520702,0.63398563694146,0.6624279404808787,0.6998927578619212
0.7064598808921021,0.044201195479684194,0.6719246401789546,0.7001083852510444,0.7372636096917704
0.7422877186105863,0.04261061854297709,0.7092229885310103,0.7365828233096732,0.7729882933272979
0.7760337816978563,0.040488560650536805,0.7457094427068307,0.7708924695456766,0.8052293284095611
0.8070815646539329,0.03746274947733073,0.7804917817739154,0.8033112710235515,0.8339026395478231
0.8347465167692231,0.03368668267334859,0.8108787082143091,0.8321613700671795,0.8591654459895233
0.858655114578238,0.029827010484897852,0.8375228836432705,0.8570717098571821,0.8794462686625784
0.8789375692979591,0.026373133476452298,0.8608789110664798,0.8776088809660508,0.8961058509489582
0.8963935960456056,0.02369254331983858,0.8792987981423608,0.8955273604926054,0.9148936170212767
0.9114374467110576,0.021527414665517677,0.895259227058119,0.913978494623656,0.9273930606709921
0.9247071570445112,0.019710981222293873,0.913978494623656,0.9251328787543778,0.9375
0.9362191267691449,0.018037152649790375,0.9232584089561583,0.9368421052631579,0.9507222615489678
0.9465846151840317,0.016646968420749187,0.9361702127659575,0.9479676829410406,0.9583333333333333
0.9556804880314248,0.015220805652145014,0.9451859990118396,0.9578947368421054,0.9612756993534839
0.9635037431485038,0.0142969566717522,0.9574468085106382,0.9591836734693877,0.9787234042553192
0.9704963321912927,0.013309401576595244,0.9583333333333333,0.9774234603952112,0.9791666666666667
0.9764252974153214,0.012321047220888193,0.9726413192533432,0.9789473684210526,0.9793814432989691
0.9816994728094781,0.011827535747699723,0.9787234042553192,0.9791666666666667,0.98849672133131
0.9858880784344645,0.011730096557005952,0.9789473684210526,0.9793814432989691,1.0
0.9895223759424986,0.011459401351771838,0.9789473684210526,0.9943661088732985,1.0
0.9925726619689074,0.010583797340930711,0.9793814432989691,1.0,1.0
0.9949295769195626,0.009430441346302467,0.9950495419687604,1.0,1.0
0.9965609996417198,0.008277366712699212,1.0,1.0,1.0
0.9973444300326086,0.0075523574804240755,1.0,1.0,1.0
0.9973870967264784,0.007512371563747352,1.0,1.0,1.0
0.99660921639113,0.008279860450335328,1.0,1.0,1.0
0.9950140845688351,0.009477195235775676,0.9959132561192365,1.0,1.0
0.9925518616995603,0.010611357690777305,0.9793814432989691,1.0,1.0
0.9891278772112418,0.01137744745634254,0.9791666666666667,0.9912782324380306,1.0
0.9848918300853299,0.011844452892845898,0.9789473684210526,0.9793814432989691,1.0
0.979705899634824,0.012160205153996417,0.978494623655914,0.9789473684210526,0.9815081445622462
0.973745698560351,0.012222889599437297,0.9637857871814421,0.9787234042553192,0.9791666666666667
0.9665744743756974,0.012786862851785987,0.9578947368421054,0.9656088246958868,0.9787234042553192
0.95852260861534,0.013470500487798225,0.9542623474298638,0.9578947368421054,0.966672663974561
0.9492597298492996,0.01417169716867475,0.9375,0.9540475529754673,0.9578947368421054
0.9388803520091202,0.015159848361518045,0.9315439960377366,0.9375,0.9515354217062917
0.9270730241216234,0.01635673415886992,0.9158592356977475,0.9305738620453635,0.9368446513612876
0.9137127016592698,0.018042473544548552,0.9018956831431542,0.9157894736842105,0.9269132291630422
0.8980073723016042,0.020689984386348333,0.8862656549114266,0.8999827637994402,0.9142718480277493
0.879139122741371,0.024770910533859818,0.8643364161654604,0.8837980950906617,0.8958333333333333
0.8569218747935827,0.02996344635638582,0.8372578819674031,0.8637830035013095,0.8786630768856595
0.8311581679561645,0.03524228369230207,0.8060461967254303,0.8394341042130857,0.8579183867301956
0.802359578557756,0.03998944890389549,0.7710987542235886,0.810908281696655,0.8329724111526925
0.7712488529555072,0.04384855506127209,0.736503867082557,0.778512615354154,0.8053237739327817
0.7383476433551985,0.04682481083884404,0.7010926546284142,0.7438272587609838,0.7741516160301893
0.7038949349776217,0.04888394870235225,0.6664893002838765,0.7085165879650326,0.7404286008204664
0.6680937364411608,0.05001922598818999,0.6312666475953428,0.6716917791536734,0.704754502377781
0.6314088893266961,0.05042095447296508,0.5944032471974287,0.633444184823305,0.6677579902392288
0.594364216183409,0.05020437172576849,0.5573358159809798,0.5964381936485311,0.6294709052459606
0.5572523615729345,0.04977330621908353,0.5212100848508916,0.5599637148663432,0.5910925621769232
0.5196773015658743,0.04942240770850039,0.48504472152124223,0.5227686919826952,0.5532811073948165
0.4815641145368601,0.04912111875025079,0.4477658871944695,0.4860006373405722,0.5153148458510755
0.44317899291839213,0.04882370712687428,0.40828004224457426,0.4480127279950348,0.4766369376396738
0.404429412511403,0.04858829913559294,0.36976904550996875,0.4095187751317767,0.43848784107720745
0.3651431818448252,0.04842044433099033,0.33094193392472937,0.37047609693081773,0.39980998427922665
0.32545712847930464,0.04826385952376955,0.29209224622069585,0.33122120795540544,0.35988638243119053
0.2856386929877799,0.04805678756390817,0.2524179973967133,0.2921390678695681,0.31962543950575617
0.24577458909551117,0.04787397755493261,0.2117478032710713,0.25304939231145934,0.27997577245969507
0.20565104831460282,0.047716517486056806,0.17044046627842888,0.2137895906930202,0.24052836666836527
0.16537940534791126,0.04742695895061988,0.1302589188064775,0.17452803540889505,0.20242624719679142
0.12542827797440959,0.04693642347805221,0.09065185104019868,0.13416116813561865,0.16232085684931685
0.08609794784174495,0.04627132202142139,0.05255792763647231,0.09383233891982155,0.12173137786653897
0.047165713371487186,0.04558308755185744,0.015725192055267012,0.053045402727882274,0.08234387020617977
0.008093331620282588,0.04498303938753573,-0.021733331296971515,0.012214830093822392,0.042102974717658004
-0.031446079066940205,0.04483854658353498,-0.05975770636940603,-0.027621468636104242,0.0016304327052407497
-0.07165472897438584,0.04511849160778543,-0.10190181256150915,-0.06747953215414754,-0.03823335227824459
-0.11244332187127959,0.04585867056784343,-0.1441881901070925,-0.1074788292466295,-0.07804546998957712
-0.15345513040476633,0.04738433686976728,-0.1867646613349214,-0.14800636615920199,-0.11857491518772792
-0.1942080278699733,0.04891901694597533,-0.22963930723960396,-0.18871561212679294,-0.15832212293062872
-0.23441927458153744,0.04926253344823896,-0.27075601081216066,-0.22901590391832521,-0.19794552508631166
-0.27411951335490825,0.04834298376331267,-0.3099167165904533,-0.26973741331417467,-0.23782611775043544
-0.3133513694051375,0.04696996105636903,-0.3469127569175918,-0.3094555280613926,-0.2784778660438846
-0.35230892888139653,0.046318396637809074,-0.38308175812814266,-0.3489093076318568,-0.31843233117005537
-0.39126156214952507,0.046795265956810835,-0.4210727928666669,-0.38819041932543585,-0.3566556673227632
-0.4305493827819347,0.047929521663965066,-0.46036284583120535,-0.42824415863660625,-0.3940533452564755
-0.4701364094320766,0.049175408720987225,-0.5023396815464378,-0.46784628775816794,-0.4323609653814762
-0.5098591556867755,0.05012740098794899,-0.5438815037745265,-0.5078892028195695,-0.47184654466618287
-0.5496415736908477,0.05051603452580684,-0.5840141539875578,-0.5481691068499324,-0.5119084301652777
-0.5891486552949577,0.05070124371136993,-0.6243935017189166,-0.5890161608437587,-0.5525449729629325
-0.6279645915434988,0.05079570222274293,-0.662803380981547,-0.6289358536310127,-0.591705403316837
-0.6656947513470232,0.05041369357228086,-0.7000667008858228,-0.6676799748311258,-0.6293000383278894
-0.7014303703581432,0.04942337638436922,-0.7364573483480737,-0.7051768217588017,-0.6657097590313769
-0.7348019777215011,0.04728024088120537,-0.76842129567458,-0.7399400421473663,-0.7007768322613895
-0.7659109237583122,0.044538336493407354,-0.7972744820382791,-0.7713020152468733,-0.7351922725452315
-0.7940620162465013,0.041962127124928486,-0.8230062383200745,-0.7984321425737371,-0.765529746538506
-0.8187325235170001,0.04007546122186488,-0.8470988870584063,-0.8228330636128631,-0.7925836167244757
-0.8398755241983837,0.03864257842297034,-0.8679581517347961,-0.8442403350074523,-0.8150137761302451
-0.8584228818324581,0.037151489544033044,-0.8848380750631804,-0.8625659868625463,-0.8353095960843848
-0.8738957411180447,0.03555213709445164,-0.8958333333333334,-0.8760167145481352,-0.8535455348366543
-0.8875552404763781,0.03391032283442933,-0.9139784946236559,-0.8936170212765957,-0.8701828568715632
-0.899090755174617,0.03286104226258351,-0.9166666666666666,-0.9013183943838181,-0.8775510204081632
-0.9096228458100117,0.032115795795779584,-0.935483870967742,-0.9157319162602537,-0.8947368421052632
-0.9192737006287897,0.03148983189464258,-0.9368421052631579,-0.9188085544940467,-0.8969072164948454
-0.9268413999701776,0.030689475928187437,-0.9511117316154344,-0.9361702127659575,-0.9125187907936159
-0.9328649229436882,0.02956957612384082,-0.9574468085106383,-0.9368421052631579,-0.9157894736842105
-0.9373980555718273,0.02827224640118964,-0.9574468085106383,-0.9368421052631579,-0.9166666666666666
-0.9404333157749339,0.027258659617820143,-0.9578947368421052,-0.9375,-0.9175257731958762
-0.9428092956258667,0.026303355136414363,-0.9578947368421052,-0.9375,-0.9183673469387755
